{
  "Johannesburg": {
    "lst": {
      "LST_Day_1km_p25": 25.766794581087286,
      "LST_Day_1km_p50": 26.2982009148414,
      "LST_Day_1km_p75": 26.825191494983738,
      "LST_Day_1km_p90": 27.357906117552858,
      "LST_Day_1km_p95": 27.668588198960833
    },
    "ndvi": {
      "NDVI_p25": 0.21493315510480648,
      "NDVI_p50": 0.3399036383869252,
      "NDVI_p75": 0.44139496495237246,
      "NDVI_p90": 0.5350495285157522
    },
    "nightlights": {
      "avg_rad_p25": 13.738552711762804,
      "avg_rad_p50": 19.24984715697612,
      "avg_rad_p75": 26.233735634885,
      "avg_rad_p90": 35.74502567879676,
      "avg_rad_p95": 43.24913829935008
    },
    "air_quality": {
      "NO2_column_number_density_p25": 0.0001517726470585085,
      "NO2_column_number_density_p50": 0.0001632426315526048,
      "NO2_column_number_density_p75": 0.0001761795228727107,
      "NO2_column_number_density_p90": 0.00018284336576658022,
      "NO2_column_number_density_p95": 0.00018479289912580634
    },
    "hvi": {
      "HVI_p25": null,
      "HVI_p50": null,
      "HVI_p75": null,
      "HVI_p90": null,
      "HVI_p95": null
    }
  },
  "Abidjan": {
    "lst": {
      "LST_Day_1km_p25": 27.715508383864726,
      "LST_Day_1km_p50": 29.02425040613308,
      "LST_Day_1km_p75": 31.15638158168984,
      "LST_Day_1km_p90": 33.088367479470456,
      "LST_Day_1km_p95": 34.03456877990433
    },
    "ndvi": {
      "NDVI_p25": 0.089981360060522,
      "NDVI_p50": 0.3866763885750346,
      "NDVI_p75": 0.6757772687270862,
      "NDVI_p90": 0.7304756015765459
    },
    "nightlights": {
      "avg_rad_p25": 1.4625065129705261,
      "avg_rad_p50": 3.4423585728325383,
      "avg_rad_p75": 16.487003427493576,
      "avg_rad_p90": 34.560957807175654,
      "avg_rad_p95": 42.484393726695664
    },
    "air_quality": {
      "NO2_column_number_density_p25": 5.5190834869019314e-05,
      "NO2_column_number_density_p50": 5.994572709432411e-05,
      "NO2_column_number_density_p75": 6.855809362450662e-05,
      "NO2_column_number_density_p90": 7.714999791465825e-05,
      "NO2_column_number_density_p95": 7.99919274140531e-05
    },
    "hvi": {
      "HVI_p25": 0.12793682710130683,
      "HVI_p50": 0.16108870882290413,
      "HVI_p75": 0.37404329265179,
      "HVI_p90": 0.46189361370426496,
      "HVI_p95": 0.4911932209868491
    }
  }
}